Kind_of_Usage,Usage_ID,Date,regist_dt_ICT,start_dt_ICT,end_dt_ICT,Kind_of_status,Customer_ID,Vehicle name,Station_depart.,Station_dest.,Gender,Age,Occupation,How to know Ha:mo,???(??),???(??),Usage',Usage Fee',Used_Points',Revenue'
Customer,100430254,1/2/2019,07:32:13,07:34:07,07:37:43,end,CP#0QR54,17,12 CU Terrace,11 BTS-National stadium ,Male,54,Government officials,Website,1/1/2019,1/6/2019,1,20,0,20
Customer,100430265,1/2/2019,08:10:53,08:17:34,08:24:25,end,CP#0Q033,17,11 BTS-National stadium ,01 Exit to Cham square,Male,34,Government officials,Website,1/1/2019,1/6/2019,1,20,0,20
Customer,100430266,1/2/2019,08:13:42,08:16:41,08:41:07,end,CP#0TCY3,16,02 Economics,07 Chamchuri 5,FeMale,24,University student (CU),Suggested by friend,1/1/2019,1/6/2019,1,38,-38,0
Customer,100430273,1/2/2019,09:05:41,09:07:24,09:33:15,end,CP#0TM17,17,01 Exit to Cham square,02 Economics,,,,,1/1/2019,1/6/2019,1,40,0,40
Customer,100430284,1/2/2019,09:49:40,09:50:25,,end_forced,CP#0QCR8,25,01 Exit to Cham square,09 Chamchuri 10,Male,34,University staff (CU),Others(Saw in CU),1/1/2019,1/6/2019,1,0,0,0
Customer,100430286,1/2/2019,09:59:05,10:00:26,10:12:54,end,CP#0TM17,17,02 Economics,03 Sala Prakeaw,,,,,1/1/2019,1/6/2019,1,20,0,20
Customer,100430302,1/2/2019,11:44:05,11:51:19,11:55:18,end,CP#0SG46,13,01 Exit to Cham square,20 Veterinary Science,FeMale,49,Lecturer (CU),Others(Walked pass the cars),1/1/2019,1/6/2019,1,20,-2,18
Customer,100430305,1/2/2019,12:06:14,12:15:19,12:21:31,end,CP#0SG46,6,21 Wittayakit Building,01 Exit to Cham square,FeMale,49,Lecturer (CU),Others(Walked pass the cars),1/1/2019,1/6/2019,1,20,0,20
Customer,100430309,1/2/2019,12:48:00,12:55:43,13:02:45,end,CP#0SWP8,6,01 Exit to Cham square,06 Chamchuri 9,Male,21,University student (CU),Others(ป้าย),1/1/2019,1/6/2019,1,20,0,20
Customer,100430313,1/2/2019,13:05:27,13:05:56,13:12:54,end,CP#0RST8,23,22 Siam Square Soi 8,03 Sala Prakeaw,FeMale,37,University staff (CU),Suggested by friend,1/1/2019,1/6/2019,1,20,0,20
Customer,100430320,1/2/2019,13:52:43,14:11:16,14:15:52,end,CP#0PTF0,19,21 Wittayakit Building,07 Chamchuri 5,Male,25,University student (CU),Facebook,1/1/2019,1/6/2019,1,20,0,20
Customer,100430325,1/2/2019,16:16:10,16:17:38,16:55:00,end,CP#0TMT0,3,15 U Center ,02 Economics,,,,,1/1/2019,1/6/2019,1,64,0,64
Customer,100430366,1/3/2019,07:41:15,07:41:47,07:44:49,end,CP#0QR54,14,12 CU Terrace,11 BTS-National stadium ,Male,54,Government officials,Website,1/1/2019,1/6/2019,1,20,0,20
Customer,100430376,1/3/2019,08:45:10,08:53:16,09:00:52,end,CP#0SG46,13,01 Exit to Cham square,20 Veterinary Science,FeMale,49,Lecturer (CU),Others(Walked pass the cars),1/1/2019,1/6/2019,1,20,-2,18
Customer,100430401,1/3/2019,10:49:42,10:50:40,10:57:51,end,CP#0TLZ7,3,01 Exit to Cham square,09 Chamchuri 10,,,,,1/1/2019,1/6/2019,1,20,0,20
Customer,100430405,1/3/2019,11:23:00,11:23:34,11:30:13,end,CP#0SMR6,23,21 Wittayakit Building,01 Exit to Cham square,Male,34,Others,Others(Booth @ I'm Park),1/1/2019,1/6/2019,1,20,-1,19
Customer,100430412,1/3/2019,11:55:25,11:55:54,12:02:28,end,CP#0TLZ7,3,09 Chamchuri 10,03 Sala Prakeaw,,,,,1/1/2019,1/6/2019,1,20,0,20
Customer,100430415,1/3/2019,12:00:04,12:00:32,12:06:35,end,CP#0P6J3,21,22 Siam Square Soi 8,02 Economics,Male,21,University student (CU),Website,1/1/2019,1/6/2019,1,20,0,20
Customer,100430425,1/3/2019,12:34:31,12:39:13,12:45:47,end,CP#0SG46,21,21 Wittayakit Building,01 Exit to Cham square,FeMale,49,Lecturer (CU),Others(Walked pass the cars),1/1/2019,1/6/2019,1,20,0,20
Customer,100430441,1/3/2019,14:31:26,14:32:53,14:45:58,end,CP#0TCY3,1,02 Economics,07 Chamchuri 5,FeMale,24,University student (CU),Suggested by friend,1/1/2019,1/6/2019,1,20,-20,0
Customer,100430443,1/3/2019,14:58:06,14:59:27,15:05:33,end,CP#0SYX0,26,18 Art and Culture  ,10 Chulapat 14,FeMale,36,Lecturer (CU),Others(Booths),1/1/2019,1/6/2019,1,20,0,20
Customer,100430445,1/3/2019,15:01:37,15:03:19,15:22:08,end,CP#0TMT0,16,15 U Center ,22 Siam Square Soi 8,,,,,1/1/2019,1/6/2019,1,26,0,26
Customer,100430446,1/3/2019,15:03:10,15:03:38,15:12:25,end,CP#0Q1G0,1,07 Chamchuri 5,21 Wittayakit Building,Male,51,Lecturer (from other universities),Suggested by friend,1/1/2019,1/6/2019,1,20,-2,18
Customer,100430447,1/3/2019,15:09:53,15:17:44,15:28:50,end,CP#0SHG1,25,01 Exit to Cham square,11 BTS-National stadium ,Male,18,University student (CU),Facebook,1/1/2019,1/6/2019,1,20,0,20
Customer,100430449,1/3/2019,15:17:27,15:28:56,15:38:49,end,CP#0QD44,3,03 Sala Prakeaw,08 Witthaya Nives,Male,22,University student (CU),Suggested by friend,1/1/2019,1/6/2019,1,20,-2,18
Customer,100430455,1/3/2019,16:18:58,16:19:49,16:29:42,end,CP#0PK06,16,22 Siam Square Soi 8,14 I’m Park ,Male,47,Others,Suggested by friend,1/1/2019,1/6/2019,1,20,0,20
Customer,100430457,1/3/2019,16:36:00,16:39:17,16:45:36,end,CP#0RG30,23,21 Wittayakit Building,04 Engineering,Male,43,Lecturer (CU),Facebook,1/1/2019,1/6/2019,1,20,0,20
Customer,100430463,1/3/2019,17:08:13,17:10:15,17:36:18,end,CP#0SHG1,17,09 Chamchuri 10,22 Siam Square Soi 8,Male,18,University student (CU),Facebook,1/1/2019,1/6/2019,1,40,0,40
Customer,100430465,1/3/2019,17:14:04,17:25:22,17:31:44,end,CP#0PL00,21,01 Exit to Cham square,07 Chamchuri 5,FeMale,32,Others,Website,1/1/2019,1/6/2019,1,20,-1,19
Customer,100430471,1/3/2019,18:06:04,18:06:48,18:16:23,end,CP#0SNJ2,23,02 Economics,09 Chamchuri 10,Male,20,University student (CU),Facebook,1/1/2019,1/6/2019,1,20,0,20
Customer,100430472,1/3/2019,18:06:29,18:06:55,18:12:28,end,CP#0Q1G0,2,21 Wittayakit Building,17 Property office,Male,51,Lecturer (from other universities),Suggested by friend,1/1/2019,1/6/2019,1,20,0,20
Customer,100430473,1/3/2019,18:10:34,18:11:22,18:30:00,end,CP#0SHG1,17,22 Siam Square Soi 8,01 Exit to Cham square,Male,18,University student (CU),Facebook,1/1/2019,1/6/2019,1,26,0,26
Customer,100430474,1/3/2019,18:16:29,18:17:23,18:24:54,end,CP#0T2L5,19,18 Art and Culture  ,22 Siam Square Soi 8,FeMale,33,Others,Others(Booth),1/1/2019,1/6/2019,1,20,-20,0
Customer,100430513,1/4/2019,07:35:27,07:37:12,07:46:26,end,CP#0PL98,18,12 CU Terrace,02 Economics,FeMale,19,University student (CU),Facebook,1/1/2019,1/6/2019,1,20,-6,14
Customer,100430519,1/4/2019,07:46:48,07:47:16,07:48:52,end,CP#0QR54,11,12 CU Terrace,12 CU Terrace,Male,54,Government officials,Website,1/1/2019,1/6/2019,1,20,0,20
Customer,100430521,1/4/2019,08:12:41,08:14:26,08:26:42,end,CP#0THQ2,2,22 Siam Square Soi 8,04 Engineering,Male,18,Others,Website,1/1/2019,1/6/2019,1,20,0,20
Customer,100430523,1/4/2019,08:20:47,08:29:53,08:35:25,end,CP#0T1V4,1,21 Wittayakit Building,04 Engineering,Male,18,University student (CU),Website,1/1/2019,1/6/2019,1,20,0,20
Customer,100430528,1/4/2019,08:40:08,08:43:29,08:57:46,end,CP#0SYX0,3,08 Witthaya Nives,09 Chamchuri 10,FeMale,36,Lecturer (CU),Others(Booths),1/1/2019,1/6/2019,1,20,0,20
Customer,100430533,1/4/2019,08:55:39,08:58:45,09:04:13,end,CP#0RQN5,21,22 Siam Square Soi 8,04 Engineering,Male,19,University student (CU),Others(Buddy Alone),1/1/2019,1/6/2019,1,20,0,20
Customer,100430534,1/4/2019,08:58:12,08:59:22,09:04:49,end,CP#0PRJ4,2,04 Engineering,07 Chamchuri 5,Male,49,Lecturer (CU),Suggested by friend,1/1/2019,1/6/2019,1,20,-20,0
Customer,100430535,1/4/2019,09:00:36,09:04:57,09:23:21,end,CP#0TMP1,25,11 BTS-National stadium ,16 Communication Arts,,,,,1/1/2019,1/6/2019,1,26,-26,0
Customer,100430540,1/4/2019,09:10:56,09:13:13,09:22:54,end,CP#0S4D2,18,07 Chamchuri 5,04 Engineering,Male,49,Lecturer (CU),Suggested by friend,1/1/2019,1/6/2019,1,20,-20,0
Customer,100430543,1/4/2019,09:18:31,09:30:21,09:36:38,end,CP#0QKM0,1,21 Wittayakit Building,12 CU Terrace,Male,22,University student (CU),Facebook,1/1/2019,1/6/2019,1,20,0,20
Customer,100430553,1/4/2019,09:51:13,09:51:49,09:57:48,end,CP#0THQ2,18,04 Engineering,21 Wittayakit Building,Male,18,Others,Website,1/1/2019,1/6/2019,1,20,0,20
Customer,100430554,1/4/2019,09:54:46,09:55:18,10:00:16,end,CP#0Q972,1,21 Wittayakit Building,01 Exit to Cham square,FeMale,23,University student (CU),Suggested by friend,1/1/2019,1/6/2019,1,20,0,20
Customer,100430559,1/4/2019,10:07:18,10:07:48,10:11:27,end,CP#0PRJ4,25,07 Chamchuri 5,09 Chamchuri 10,Male,49,Lecturer (CU),Suggested by friend,1/1/2019,1/6/2019,1,20,-20,0
Customer,100430575,1/4/2019,11:23:02,11:24:42,11:30:31,end,CP#0TMX0,17,02 Economics,07 Chamchuri 5,,,,,1/1/2019,1/6/2019,1,20,-20,0
Customer,100430576,1/4/2019,11:34:17,11:43:42,11:51:07,end,CP#0SG46,1,01 Exit to Cham square,20 Veterinary Science,FeMale,49,Lecturer (CU),Others(Walked pass the cars),1/1/2019,1/6/2019,1,20,-2,18
Customer,100430579,1/4/2019,11:50:23,11:51:10,11:56:29,end,CP#0PRJ4,25,09 Chamchuri 10,04 Engineering,Male,49,Lecturer (CU),Suggested by friend,1/1/2019,1/6/2019,1,20,-2,18
Customer,100430580,1/4/2019,11:58:34,12:03:50,12:17:01,end,CP#0SRM4,1,20 Veterinary Science,15 U Center ,FeMale,26,University student (CU),Facebook,1/1/2019,1/6/2019,1,20,0,20
Customer,100430583,1/4/2019,12:23:49,12:24:29,12:34:09,end,CP#0PWB2,6,06 Chamchuri 9,03 Sala Prakeaw,Male,33,Lecturer (CU),Website,1/1/2019,1/6/2019,1,20,0,20
Customer,100430587,1/4/2019,12:44:22,12:46:07,12:52:23,end,CP#0T024,14,11 BTS-National stadium ,14 I’m Park ,Male,28,Others,Suggested by friend,1/1/2019,1/6/2019,1,20,0,20
Customer,100430592,1/4/2019,12:53:58,12:54:23,13:08:38,end,CP#0T6G9,26,15 U Center ,20 Veterinary Science,FeMale,30,University staff (CU),Suggested by friend,1/1/2019,1/6/2019,1,20,0,20
Customer,100430594,1/4/2019,12:54:25,12:56:56,13:01:28,end,CP#0SNJ2,25,09 Chamchuri 10,11 BTS-National stadium ,Male,20,University student (CU),Facebook,1/1/2019,1/6/2019,1,20,0,20
Customer,100430607,1/4/2019,13:54:43,13:56:40,14:00:24,end,CP#0Q1G0,12,13 Suan Luang square,17 Property office,Male,51,Lecturer (from other universities),Suggested by friend,1/1/2019,1/6/2019,1,20,-2,18
Customer,100430608,1/4/2019,14:02:57,14:09:02,14:15:48,end,CP#0T7D2,13,05 Arts,12 CU Terrace,FeMale,22,University student (CU),Others(เห็นตัวรถและสถานี ในมหาวิทยาลัย),1/1/2019,1/6/2019,1,20,0,20
Customer,100430609,1/4/2019,14:06:38,14:16:30,14:23:14,end,CP#0Q022,18,21 Wittayakit Building,02 Economics,Male,26,University student (CU),Suggested by friend,1/1/2019,1/6/2019,1,20,0,20
Customer,100430619,1/4/2019,15:14:08,15:14:37,15:24:21,end,CP#0SNJ2,25,11 BTS-National stadium ,08 Witthaya Nives,Male,20,University student (CU),Facebook,1/1/2019,1/6/2019,1,20,0,20
Customer,100430621,1/4/2019,15:19:55,15:23:26,15:35:41,end,CP#0T5W2,11,15 U Center ,11 BTS-National stadium ,Male,18,Others,Instagram,1/1/2019,1/6/2019,1,20,-5,15
Customer,100430624,1/4/2019,15:31:09,15:33:31,15:43:45,end,CP#0T024,2,12 CU Terrace,21 Wittayakit Building,Male,28,Others,Suggested by friend,1/1/2019,1/6/2019,1,20,0,20
Customer,100430642,1/4/2019,16:37:41,16:38:37,16:56:06,end,CP#0Q022,24,02 Economics,01 Exit to Cham square,Male,26,University student (CU),Suggested by friend,1/1/2019,1/6/2019,1,24,0,24
Customer,100430645,1/4/2019,16:59:21,17:01:36,17:10:00,end,CP#0TG47,3,04 Engineering,12 CU Terrace,Male,19,University student (CU),Suggested by friend,1/1/2019,1/6/2019,1,20,0,20
Customer,100430648,1/4/2019,17:18:05,17:28:19,17:37:43,end,CP#0PL00,19,03 Sala Prakeaw,07 Chamchuri 5,FeMale,32,Others,Website,1/1/2019,1/6/2019,1,20,-1,19
Customer,100430649,1/4/2019,17:21:59,17:22:34,17:33:54,end,CP#0QKM0,3,12 CU Terrace,22 Siam Square Soi 8,Male,22,University student (CU),Facebook,1/1/2019,1/6/2019,1,20,0,20
Customer,100430650,1/4/2019,17:22:14,17:23:01,17:29:21,end,CP#0T130,21,04 Engineering,09 Chamchuri 10,Male,20,University student (CU),Others(Booth),1/1/2019,1/6/2019,1,20,-20,0
Customer,100430651,1/4/2019,17:26:01,17:29:44,17:43:06,end,CP#0TF36,11,11 BTS-National stadium ,12 CU Terrace,FeMale,21,University student (CU),Suggested by friend,1/1/2019,1/6/2019,1,20,-20,0
Customer,100430660,1/4/2019,17:41:49,17:42:22,17:48:00,end,CP#0TD20,24,01 Exit to Cham square,03 Sala Prakeaw,FeMale,22,University student (CU),Others(Booth),1/1/2019,1/6/2019,1,20,0,20
Customer,100430665,1/4/2019,18:10:40,18:33:37,18:40:20,end,CP#0TN52,16,18 Art and Culture  ,12 CU Terrace,,,,,1/1/2019,1/6/2019,1,20,0,20
Customer,100431062,1/7/2019,07:12:52,07:22:32,07:31:12,end,CP#0P6J3,18,07 Chamchuri 5,03 Sala Prakeaw,Male,21,University student (CU),Website,1/7/2019,13/01/2019,1,20,0,20
Customer,100431067,1/7/2019,07:29:19,07:33:35,07:39:00,end,CP#0QR54,13,12 CU Terrace,11 BTS-National stadium ,Male,54,Government officials,Website,1/7/2019,13/01/2019,1,20,-20,0
Customer,100431069,1/7/2019,07:36:11,07:43:19,07:49:12,end,CP#0SG46,10,01 Exit to Cham square,20 Veterinary Science,FeMale,49,Lecturer (CU),Others(Walked pass the cars),1/7/2019,13/01/2019,1,20,-1,19
Customer,100431079,1/7/2019,08:07:12,08:09:23,08:18:59,end,CP#0SHY6,21,04 Engineering,21 Wittayakit Building,Male,22,University student (CU),Suggested by friend,1/7/2019,13/01/2019,1,20,0,20
Customer,100431085,1/7/2019,08:27:36,08:31:28,08:42:09,end,CP#0TN52,16,12 CU Terrace,18 Art and Culture  ,,,,,1/7/2019,13/01/2019,1,20,-1,19
Customer,100431091,1/7/2019,08:44:00,09:02:11,09:08:28,end,CP#0PFV4,26,12 CU Terrace,04 Engineering,Male,19,University student (CU),Suggested by friend,1/7/2019,13/01/2019,1,20,0,20
Customer,100431093,1/7/2019,08:50:49,08:51:18,08:58:37,end,CP#0PVP6,21,12 CU Terrace,04 Engineering,FeMale,19,University student (CU),Facebook,1/7/2019,13/01/2019,1,20,0,20
Customer,100431096,1/7/2019,08:53:28,08:59:21,09:04:16,end,CP#0S5H2,1,06 Chamchuri 9,02 Economics,Male,24,Others,Others(Ask at office. ),1/7/2019,13/01/2019,1,20,0,20
Customer,100431101,1/7/2019,09:13:35,09:14:01,09:18:29,end,CP#0QCY2,3,22 Siam Square Soi 8,05 Arts,Male,24,University student (CU),Others(Promotional Booth),1/7/2019,13/01/2019,1,20,0,20
Customer,100431110,1/7/2019,09:44:19,09:47:26,09:53:06,end,CP#0PT97,21,04 Engineering,12 CU Terrace,Male,19,University student (CU),Suggested by friend,1/7/2019,13/01/2019,1,20,0,20
Customer,100431122,1/7/2019,10:07:20,10:07:52,10:12:43,end,CP#0Q972,22,21 Wittayakit Building,01 Exit to Cham square,FeMale,23,University student (CU),Suggested by friend,1/7/2019,13/01/2019,1,20,0,20
Customer,100431123,1/7/2019,10:11:54,10:26:36,10:33:18,end,CP#0RR18,3,05 Arts,06 Chamchuri 9,Male,20,University student (CU),Others(Buddy Alone),1/7/2019,13/01/2019,1,20,0,20
Customer,100431130,1/7/2019,11:00:28,11:08:13,11:11:58,end,CP#0QKL0,26,04 Engineering,01 Exit to Cham square,Male,29,University student (CU),Website,1/7/2019,13/01/2019,1,20,0,20
Customer,100431131,1/7/2019,11:03:21,11:04:37,11:08:58,end,CP#0SQG4,16,06 Chamchuri 9,14 I’m Park ,Male,21,University student (CU),Others(เดินผ่าน),1/7/2019,13/01/2019,1,20,0,20
Customer,100431132,1/7/2019,11:05:15,11:06:27,11:11:10,end,CP#0PGZ3,6,12 CU Terrace,04 Engineering,Male,19,University student (CU),Suggested by friend,1/7/2019,13/01/2019,1,20,0,20
Customer,100431137,1/7/2019,11:25:58,11:27:32,11:37:08,end,CP#0SLR3,8,03 Sala Prakeaw,09 Chamchuri 10,Male,23,University student (CU),Suggested by friend,1/7/2019,13/01/2019,1,20,0,20
Customer,100431141,1/7/2019,11:44:52,11:48:21,11:54:29,end,CP#0TB10,19,09 Chamchuri 10,19 Pharmaceutical Science  ,FeMale,31,University student (CU),Others(See car),1/7/2019,13/01/2019,1,20,-20,0
Customer,100431147,1/7/2019,11:55:22,12:00:05,12:12:10,end,CP#0QD44,1,02 Economics,01 Exit to Cham square,Male,22,University student (CU),Suggested by friend,1/7/2019,13/01/2019,1,20,-1,19
Customer,100431148,1/7/2019,11:56:07,11:58:30,12:06:32,end,CP#0T197,22,13 Suan Luang square,03 Sala Prakeaw,Male,24,University student (CU),Website,1/7/2019,13/01/2019,1,20,-20,0
Customer,100431154,1/7/2019,12:14:36,12:41:37,12:48:23,end,CP#0T733,6,04 Engineering,12 CU Terrace,Male,18,University student (CU),Website,1/7/2019,13/01/2019,1,20,0,20
Customer,100431161,1/7/2019,12:29:04,12:36:10,12:42:54,end,CP#0TJ56,23,21 Wittayakit Building,18 Art and Culture  ,Male,18,University student (CU),Suggested by friend,1/7/2019,13/01/2019,1,20,-20,0
Customer,100431164,1/7/2019,12:33:48,12:38:34,12:45:12,end,CP#0RPP9,11,12 CU Terrace,03 Sala Prakeaw,FeMale,22,University student (CU),Website,1/7/2019,13/01/2019,1,20,0,20
Customer,100431165,1/7/2019,12:37:46,12:39:18,12:44:42,end,CP#0PVP6,21,12 CU Terrace,04 Engineering,FeMale,19,University student (CU),Facebook,1/7/2019,13/01/2019,1,20,0,20
Customer,100431167,1/7/2019,12:44:52,12:45:25,12:49:55,end,CP#0SYX0,13,11 BTS-National stadium ,10 Chulapat 14,FeMale,36,Lecturer (CU),Others(Booths),1/7/2019,13/01/2019,1,20,0,20
Customer,100431170,1/7/2019,12:50:09,12:52:04,13:06:07,end,CP#0SZB2,3,06 Chamchuri 9,04 Engineering,Male,21,University student (CU),Others(Booths),1/7/2019,13/01/2019,1,20,-20,0
Customer,100431171,1/7/2019,12:53:57,12:54:44,13:03:40,end,CP#0S822,11,03 Sala Prakeaw,10 Chulapat 14,Male,26,University student (CU),Facebook,1/7/2019,13/01/2019,1,20,0,20
Customer,100431172,1/7/2019,12:56:31,13:01:20,13:13:59,end,CP#0QCR8,8,09 Chamchuri 10,04 Engineering,Male,34,University staff (CU),Others(Saw in CU),1/7/2019,13/01/2019,1,20,-20,0
Customer,100431173,1/7/2019,12:56:48,12:59:13,13:07:36,end,CP#0TP91,5,02 Economics,08 Witthaya Nives,,,,,1/7/2019,13/01/2019,1,20,0,20
Customer,100431174,1/7/2019,12:57:46,13:05:20,13:13:40,end,CP#0T9L8,4,22 Siam Square Soi 8,03 Sala Prakeaw,Male,44,Lecturer (CU),Others(Booth),1/7/2019,13/01/2019,1,20,0,20
Customer,100431178,1/7/2019,13:10:36,13:12:25,13:16:00,end,CP#0TJ56,2,05 Arts,03 Sala Prakeaw,Male,18,University student (CU),Suggested by friend,1/7/2019,13/01/2019,1,20,-20,0
Customer,100431181,1/7/2019,13:15:49,13:17:28,13:29:42,end,CP#0SN60,10,02 Economics,08 Witthaya Nives,Male,22,University student (CU),Suggested by friend,1/7/2019,13/01/2019,1,20,-1,19
Customer,100431183,1/7/2019,13:26:24,13:28:05,13:37:34,end,CP#0TP91,5,08 Witthaya Nives,13 Suan Luang square,,,,,1/7/2019,13/01/2019,1,20,0,20
Customer,100431191,1/7/2019,13:39:56,13:40:42,13:45:58,end,CP#0S822,6,12 CU Terrace,04 Engineering,Male,26,University student (CU),Facebook,1/7/2019,13/01/2019,1,20,0,20
Customer,100431195,1/7/2019,13:54:51,13:55:58,14:11:05,end,CP#0SR20,24,15 U Center ,18 Art and Culture  ,Male,24,Others,Facebook,1/7/2019,13/01/2019,1,20,0,20
Customer,100431197,1/7/2019,13:58:26,14:00:46,14:09:04,end,CP#0TH90,26,22 Siam Square Soi 8,04 Engineering,Male,21,University student (CU),Facebook,1/7/2019,13/01/2019,1,20,-2,18
Customer,100431199,1/7/2019,14:04:13,14:12:53,14:17:44,end,CP#0PFV4,3,04 Engineering,12 CU Terrace,Male,19,University student (CU),Suggested by friend,1/7/2019,13/01/2019,1,20,0,20
Customer,100431202,1/7/2019,14:12:21,14:17:09,14:23:11,end,CP#0S2T4,12,02 Economics,05 Arts,Male,21,University student (CU),Website,1/7/2019,13/01/2019,1,20,0,20
Customer,100431204,1/7/2019,14:14:59,14:18:31,14:23:32,end,CP#0RQ01,22,21 Wittayakit Building,02 Economics,Male,18,University student (CU),Website,1/7/2019,13/01/2019,1,20,-1,19
Customer,100431205,1/7/2019,14:18:21,14:20:04,14:31:49,end,CP#0TMD6,2,03 Sala Prakeaw,08 Witthaya Nives,,,,,1/7/2019,13/01/2019,1,20,0,20
Customer,100431224,1/7/2019,15:12:12,15:17:43,15:24:47,end,CP#0T5S2,17,20 Veterinary Science,07 Chamchuri 5,Male,23,University student (CU),Others(Booth),1/7/2019,13/01/2019,1,20,-20,0
Customer,100431233,1/7/2019,15:31:09,15:31:50,15:39:24,end,CP#0RG00,26,04 Engineering,21 Wittayakit Building,Male,20,University student (CU),Website,1/7/2019,13/01/2019,1,20,0,20
Customer,100431237,1/7/2019,15:38:56,15:39:32,16:05:22,end,CP#0QCR8,6,04 Engineering,09 Chamchuri 10,Male,34,University staff (CU),Others(Saw in CU),1/7/2019,13/01/2019,1,40,-40,0
Customer,100431242,1/7/2019,15:44:26,15:45:15,15:55:23,end,CP#0SL39,3,12 CU Terrace,21 Wittayakit Building,Male,18,University student (CU),Suggested by friend,1/7/2019,13/01/2019,1,20,-20,0
Customer,100431247,1/7/2019,15:49:20,15:50:07,16:00:08,end,CP#0S214,4,03 Sala Prakeaw,06 Chamchuri 9,FeMale,23,University student (CU),Website,1/7/2019,13/01/2019,1,20,-20,0
Customer,100431260,1/7/2019,16:01:09,16:02:10,16:09:24,end,CP#0PD12,21,02 Economics,06 Chamchuri 9,Male,20,University student (CU),Suggested by friend,1/7/2019,13/01/2019,1,20,0,20
Customer,100431273,1/7/2019,16:15:04,16:16:29,16:27:13,end,CP#0QKM0,22,02 Economics,22 Siam Square Soi 8,Male,22,University student (CU),Facebook,1/7/2019,13/01/2019,1,20,0,20
Customer,100431276,1/7/2019,16:19:40,16:20:22,16:30:43,end,CP#0T7V4,4,06 Chamchuri 9,01 Exit to Cham square,FeMale,44,Lecturer (CU),Website,1/7/2019,13/01/2019,1,20,0,20
Customer,100431293,1/7/2019,16:30:57,16:31:24,16:37:43,end,CP#0Q1G0,8,22 Siam Square Soi 8,17 Property office,Male,51,Lecturer (from other universities),Suggested by friend,1/7/2019,13/01/2019,1,20,-1,19
Customer,100431294,1/7/2019,16:31:02,16:37:21,16:43:49,end,CP#0TP91,10,08 Witthaya Nives,06 Chamchuri 9,,,,,1/7/2019,13/01/2019,1,20,0,20
Customer,100431296,1/7/2019,16:33:31,16:44:35,16:55:32,end,CP#0TGR4,23,03 Sala Prakeaw,21 Wittayakit Building,Male,21,University student (CU),Suggested by friend,1/7/2019,13/01/2019,1,20,-10,10
Customer,100431308,1/7/2019,16:46:28,16:57:48,17:11:24,end,CP#0T5S2,9,07 Chamchuri 5,22 Siam Square Soi 8,Male,23,University student (CU),Others(Booth),1/7/2019,13/01/2019,1,20,-20,0
Customer,100431324,1/7/2019,17:07:28,17:08:38,17:20:19,end,CP#0T024,3,21 Wittayakit Building,14 I’m Park ,Male,28,Others,Suggested by friend,1/7/2019,13/01/2019,1,20,0,20
Customer,100431331,1/7/2019,17:12:40,17:16:37,17:26:23,end,CP#0SN40,6,09 Chamchuri 10,03 Sala Prakeaw,Male,21,University student (CU),Facebook,1/7/2019,13/01/2019,1,20,-20,0
Customer,100431338,1/7/2019,17:19:12,17:22:03,17:34:42,end,CP#0S9Z5,23,03 Sala Prakeaw,12 CU Terrace,Male,29,University staff (CU),Others(Booth),1/7/2019,13/01/2019,1,20,0,20
Customer,100431342,1/7/2019,17:21:53,17:25:04,17:32:39,end,CP#0SRM4,8,08 Witthaya Nives,15 U Center ,FeMale,26,University student (CU),Facebook,1/7/2019,13/01/2019,1,20,0,20
Customer,100431346,1/7/2019,17:25:26,17:26:57,17:36:32,end,CP#0S066,9,22 Siam Square Soi 8,03 Sala Prakeaw,Male,22,University student (CU),Facebook,1/7/2019,13/01/2019,1,20,-5,15
Customer,100431348,1/7/2019,17:29:42,17:30:38,17:49:09,end,CP#0R1Y7,2,16 Communication Arts,12 CU Terrace,Male,20,University student (CU),Suggested by friend,1/7/2019,13/01/2019,1,26,0,26
Customer,100431351,1/7/2019,17:39:16,17:47:11,18:01:53,end,CP#0Q033,4,01 Exit to Cham square,11 BTS-National stadium ,Male,34,Government officials,Website,1/7/2019,13/01/2019,1,20,0,20
Customer,100431355,1/7/2019,17:41:21,17:45:21,17:59:29,end,CP#0TDJ7,8,15 U Center ,21 Wittayakit Building,Male,20,University student (CU),Facebook,1/7/2019,13/01/2019,1,20,0,20
Customer,100431370,1/7/2019,17:59:44,18:01:23,18:10:24,end,CP#0PX36,13,11 BTS-National stadium ,07 Chamchuri 5,Male,44,Others,Website,1/7/2019,13/01/2019,1,20,0,20
Customer,100431377,1/7/2019,18:10:23,18:10:53,18:16:39,end,CP#0TD20,6,03 Sala Prakeaw,20 Veterinary Science,FeMale,22,University student (CU),Others(Booth),1/7/2019,13/01/2019,1,20,0,20
Customer,100431378,1/7/2019,18:12:35,18:19:47,18:32:30,end,CP#0SRM4,26,15 U Center ,20 Veterinary Science,FeMale,26,University student (CU),Facebook,1/7/2019,13/01/2019,1,20,0,20
Customer,100431384,1/7/2019,18:24:25,18:25:24,18:29:51,end,CP#0S214,5,06 Chamchuri 9,09 Chamchuri 10,FeMale,23,University student (CU),Website,1/7/2019,13/01/2019,1,20,-20,0
Customer,100431396,1/7/2019,18:36:08,18:38:11,18:47:48,end,CP#0TMD6,10,06 Chamchuri 9,13 Suan Luang square,,,,,1/7/2019,13/01/2019,1,20,0,20
Customer,100431401,1/7/2019,18:49:01,18:49:36,18:54:28,end,CP#0TN52,24,18 Art and Culture  ,18 Art and Culture  ,,,,,1/7/2019,13/01/2019,1,20,0,20
Customer,100431403,1/7/2019,18:52:27,18:54:07,19:03:00,end,CP#0S822,1,01 Exit to Cham square,14 I’m Park ,Male,26,University student (CU),Facebook,1/7/2019,13/01/2019,1,20,0,20
Customer,100431406,1/7/2019,18:55:05,18:55:31,19:04:01,end,CP#0TN52,24,18 Art and Culture  ,12 CU Terrace,,,,,1/7/2019,13/01/2019,1,20,0,20
Customer,100431412,1/7/2019,19:02:53,19:03:33,19:09:00,end,CP#0TP91,21,06 Chamchuri 9,08 Witthaya Nives,,,,,1/7/2019,13/01/2019,1,20,0,20
Customer,100431562,1/8/2019,07:24:48,07:26:48,07:41:41,end,CP#0TMT0,6,15 U Center ,05 Arts,,,,,1/7/2019,13/01/2019,1,20,0,20
Customer,100431567,1/8/2019,07:36:18,07:36:52,07:40:15,end,CP#0QR54,23,12 CU Terrace,11 BTS-National stadium ,Male,54,Government officials,Website,1/7/2019,13/01/2019,1,20,0,20
Customer,100431576,1/8/2019,08:08:51,08:22:36,08:29:10,end,CP#0SG46,18,01 Exit to Cham square,20 Veterinary Science,FeMale,49,Lecturer (CU),Others(Walked pass the cars),1/7/2019,13/01/2019,1,20,-1,19
Customer,100431580,1/8/2019,08:13:59,08:18:08,08:30:03,end,CP#0T452,1,14 I’m Park ,01 Exit to Cham square,FeMale,23,Others,Facebook,1/7/2019,13/01/2019,1,20,0,20
Customer,100431585,1/8/2019,08:30:23,08:34:25,08:41:20,end,CP#0TN52,15,12 CU Terrace,18 Art and Culture  ,,,,,1/7/2019,13/01/2019,1,20,0,20
Customer,100431587,1/8/2019,08:31:28,08:40:31,08:46:51,end,CP#0PTF0,9,21 Wittayakit Building,07 Chamchuri 5,Male,25,University student (CU),Facebook,1/7/2019,13/01/2019,1,20,-2,18
Customer,100431590,1/8/2019,08:35:10,08:35:41,08:47:26,end,CP#0TP91,5,08 Witthaya Nives,02 Economics,,,,,1/7/2019,13/01/2019,1,20,0,20
Customer,100431592,1/8/2019,08:40:49,08:48:21,08:56:52,end,CP#0TFG0,2,12 CU Terrace,03 Sala Prakeaw,FeMale,18,University student (CU),Suggested by friend,1/7/2019,13/01/2019,1,20,-3,17
Customer,100431594,1/8/2019,08:51:44,08:52:05,08:56:31,end,CP#0QCY2,7,04 Engineering,16 Communication Arts,Male,24,University student (CU),Others(Promotional Booth),1/7/2019,13/01/2019,1,20,0,20
Customer,100431596,1/8/2019,08:53:41,08:57:19,09:04:04,end,CP#0T449,5,02 Economics,21 Wittayakit Building,Male,18,University student (CU),Suggested by friend,1/7/2019,13/01/2019,1,20,0,20
Customer,100431598,1/8/2019,08:57:40,09:05:34,09:12:14,end,CP#0TDJ7,22,22 Siam Square Soi 8,01 Exit to Cham square,Male,20,University student (CU),Facebook,1/7/2019,13/01/2019,1,20,0,20
Customer,100431599,1/8/2019,09:04:22,09:05:25,09:13:10,end,CP#0PFW8,9,12 CU Terrace,04 Engineering,Male,46,Lecturer (CU),Suggested by friend,1/7/2019,13/01/2019,1,20,0,20
Customer,100431602,1/8/2019,09:12:31,09:12:47,09:17:21,end,CP#0QCY2,11,16 Communication Arts,09 Chamchuri 10,Male,24,University student (CU),Others(Promotional Booth),1/7/2019,13/01/2019,1,20,0,20
Customer,100431611,1/8/2019,09:34:23,09:41:21,09:46:45,end,CP#0TC52,17,09 Chamchuri 10,07 Chamchuri 5,Male,22,University student (CU),Others(Booth),1/7/2019,13/01/2019,1,20,-1,19
Customer,100431612,1/8/2019,09:39:34,09:41:53,09:50:04,end,CP#0PLD4,26,22 Siam Square Soi 8,17 Property office,Male,31,University staff (CU),Website,1/7/2019,13/01/2019,1,20,0,20
Customer,100431614,1/8/2019,09:44:20,09:44:54,09:49:33,end,CP#0P6J3,5,21 Wittayakit Building,04 Engineering,Male,21,University student (CU),Website,1/7/2019,13/01/2019,1,20,0,20
Customer,100431616,1/8/2019,09:47:50,09:48:17,09:53:59,end,CP#0ST20,15,12 CU Terrace,03 Sala Prakeaw,Male,20,University student (CU),Suggested by friend,1/7/2019,13/01/2019,1,20,-20,0
Customer,100431625,1/8/2019,10:19:23,10:19:45,10:23:24,end,CP#0PK06,9,22 Siam Square Soi 8,07 Chamchuri 5,Male,47,Others,Suggested by friend,1/7/2019,13/01/2019,1,20,0,20
Customer,100431626,1/8/2019,10:20:38,10:21:49,10:31:44,end,CP#0T8G0,25,02 Economics,08 Witthaya Nives,Male,18,University student (CU),Others(Booth),1/7/2019,13/01/2019,1,20,0,20
Customer,100431628,1/8/2019,10:25:37,10:47:02,10:53:45,end,CP#0PM90,11,12 CU Terrace,01 Exit to Cham square,FeMale,53,Others,Suggested by friend,1/7/2019,13/01/2019,1,20,0,20
Customer,100431637,1/8/2019,10:57:13,10:57:58,11:03:06,end,CP#0Q972,26,21 Wittayakit Building,01 Exit to Cham square,FeMale,23,University student (CU),Suggested by friend,1/7/2019,13/01/2019,1,20,0,20
Customer,100431640,1/8/2019,11:03:34,11:04:41,11:13:09,end,CP#0PVX7,20,09 Chamchuri 10,03 Sala Prakeaw,FeMale,28,University student (CU),Others(จุฬา),1/7/2019,13/01/2019,1,20,0,20
Customer,100431642,1/8/2019,11:07:46,11:25:23,11:32:39,end,CP#0SHG1,11,01 Exit to Cham square,06 Chamchuri 9,Male,18,University student (CU),Facebook,1/7/2019,13/01/2019,1,20,0,20
Customer,100431643,1/8/2019,11:09:53,11:10:22,11:32:41,end,CP#0SNJ2,25,08 Witthaya Nives,07 Chamchuri 5,Male,20,University student (CU),Facebook,1/7/2019,13/01/2019,1,32,0,32
Customer,100431649,1/8/2019,11:30:53,11:32:15,11:38:45,end,CP#0QJQ4,1,01 Exit to Cham square,09 Chamchuri 10,Male,20,University student (CU),Others(เห็นรถ),1/7/2019,13/01/2019,1,20,0,20
Customer,100431659,1/8/2019,11:52:47,11:53:13,11:58:25,end,CP#0PK06,26,22 Siam Square Soi 8,06 Chamchuri 9,Male,47,Others,Suggested by friend,1/7/2019,13/01/2019,1,20,0,20
Customer,100431660,1/8/2019,11:53:48,12:23:22,12:30:19,end,CP#0SJ57,5,04 Engineering,21 Wittayakit Building,Male,22,University student (CU),Facebook,1/7/2019,13/01/2019,1,20,0,20
Customer,100431662,1/8/2019,11:57:08,12:13:51,12:29:48,end,CP#0SHG1,17,16 Communication Arts,01 Exit to Cham square,Male,18,University student (CU),Facebook,1/7/2019,13/01/2019,1,20,0,20
Customer,100431664,1/8/2019,11:59:32,12:03:28,12:14:37,end,CP#0TP91,24,04 Engineering,22 Siam Square Soi 8,,,,,1/7/2019,13/01/2019,1,20,0,20
Customer,100431665,1/8/2019,12:01:09,12:17:26,12:24:54,end,CP#0SJT1,2,02 Economics,06 Chamchuri 9,Male,22,University student (CU),Others(See the car),1/7/2019,13/01/2019,1,20,-1,19
Customer,100431669,1/8/2019,12:31:29,12:38:59,12:44:30,end,CP#0TJC4,5,21 Wittayakit Building,04 Engineering,FeMale,20,University student (CU),Suggested by friend,1/7/2019,13/01/2019,1,20,-20,0
Customer,100431683,1/8/2019,13:15:01,13:16:22,13:38:19,end,CP#0SNJ2,16,07 Chamchuri 5,08 Witthaya Nives,Male,20,University student (CU),Facebook,1/7/2019,13/01/2019,1,32,0,32
Customer,100431686,1/8/2019,13:23:36,13:24:02,13:29:22,end,CP#0SJT1,10,08 Witthaya Nives,06 Chamchuri 9,Male,22,University student (CU),Others(See the car),1/7/2019,13/01/2019,1,20,0,20
Customer,100431688,1/8/2019,13:33:00,13:48:11,13:52:29,end,CP#0S6P2,11,21 Wittayakit Building,04 Engineering,Male,31,Others,Others(Booth),1/7/2019,13/01/2019,1,20,0,20
Customer,100431689,1/8/2019,13:36:54,13:38:33,13:41:47,end,CP#0SN60,15,03 Sala Prakeaw,03 Sala Prakeaw,Male,22,University student (CU),Suggested by friend,1/7/2019,13/01/2019,1,20,-1,19
Customer,100431690,1/8/2019,13:39:23,13:40:17,13:55:24,end,CP#0QD44,17,01 Exit to Cham square,01 Exit to Cham square,Male,22,University student (CU),Suggested by friend,1/7/2019,13/01/2019,1,20,-1,19
Customer,100431691,1/8/2019,13:43:05,13:43:47,13:51:27,end,CP#0SN60,8,03 Sala Prakeaw,05 Arts,Male,22,University student (CU),Suggested by friend,1/7/2019,13/01/2019,1,20,0,20
Customer,100431701,1/8/2019,14:06:30,14:07:06,14:17:52,end,CP#0T8G0,16,08 Witthaya Nives,03 Sala Prakeaw,Male,18,University student (CU),Others(Booth),1/7/2019,13/01/2019,1,20,0,20
Customer,100431702,1/8/2019,14:07:06,14:11:41,14:19:16,end,CP#0PM90,20,01 Exit to Cham square,11 BTS-National stadium ,FeMale,53,Others,Suggested by friend,1/7/2019,13/01/2019,1,20,0,20
Customer,100431703,1/8/2019,14:07:50,14:10:21,14:15:28,end,CP#0TC52,25,07 Chamchuri 5,08 Witthaya Nives,Male,22,University student (CU),Others(Booth),1/7/2019,13/01/2019,1,20,-5,15
Customer,100431707,1/8/2019,14:18:04,14:20:04,14:27:47,end,CP#0TD69,8,05 Arts,07 Chamchuri 5,FeMale,37,Lecturer (CU),Others(Poster),1/7/2019,13/01/2019,1,20,0,20
Customer,100431708,1/8/2019,14:30:43,14:38:02,14:42:14,end,CP#0PFV4,5,04 Engineering,12 CU Terrace,Male,19,University student (CU),Suggested by friend,1/7/2019,13/01/2019,1,20,0,20
Customer,100431709,1/8/2019,14:32:53,14:34:20,14:42:15,end,CP#0PT97,11,04 Engineering,14 I’m Park ,Male,19,University student (CU),Suggested by friend,1/7/2019,13/01/2019,1,20,0,20
Customer,100431713,1/8/2019,14:49:09,14:50:25,14:58:48,end,CP#0SCX3,15,03 Sala Prakeaw,06 Chamchuri 9,Male,19,University student (CU),Website,1/7/2019,13/01/2019,1,20,0,20
Customer,100431715,1/8/2019,14:57:26,14:57:59,15:04:08,end,CP#0QJ40,18,02 Economics,09 Chamchuri 10,Male,39,Lecturer (CU),Suggested by friend,1/7/2019,13/01/2019,1,20,0,20
Customer,100431716,1/8/2019,14:59:18,15:00:31,15:08:47,end,CP#0TG32,17,01 Exit to Cham square,07 Chamchuri 5,Male,19,University student (CU),Suggested by friend,1/7/2019,13/01/2019,1,20,0,20
Customer,100431717,1/8/2019,14:59:37,15:01:03,15:29:32,end,CP#0SHG1,22,02 Economics,18 Art and Culture  ,Male,18,University student (CU),Facebook,1/7/2019,13/01/2019,1,44,0,44
Customer,100431722,1/8/2019,15:01:56,15:02:26,15:07:16,end,CP#0SN60,16,03 Sala Prakeaw,03 Sala Prakeaw,Male,22,University student (CU),Suggested by friend,1/7/2019,13/01/2019,1,20,0,20
Customer,100431725,1/8/2019,15:07:55,15:11:44,16:03:47,end,CP#0TP91,13,04 Engineering,08 Witthaya Nives,,,,,1/7/2019,13/01/2019,1,92,0,92
Customer,100431727,1/8/2019,15:11:48,15:16:33,15:25:19,end,CP#0P708,14,12 CU Terrace,22 Siam Square Soi 8,Male,20,University student (CU),Facebook,1/7/2019,13/01/2019,1,20,0,20
Customer,100431728,1/8/2019,15:12:40,15:13:05,15:21:09,end,CP#0T950,16,03 Sala Prakeaw,22 Siam Square Soi 8,Male,18,University student (CU),Suggested by friend,1/7/2019,13/01/2019,1,20,0,20
Customer,100431738,1/8/2019,15:35:10,15:36:10,15:47:33,end,CP#0SQ16,14,22 Siam Square Soi 8,04 Engineering,Male,21,University student (CU),Others(Booth@Engineering ),1/7/2019,13/01/2019,1,20,0,20
Customer,100431743,1/8/2019,15:43:49,15:44:46,15:56:20,end,CP#0QKM0,5,12 CU Terrace,04 Engineering,Male,22,University student (CU),Facebook,1/7/2019,13/01/2019,1,20,0,20
Customer,100431745,1/8/2019,15:51:44,15:53:56,16:00:43,end,CP#0RQ01,6,03 Sala Prakeaw,22 Siam Square Soi 8,Male,18,University student (CU),Website,1/7/2019,13/01/2019,1,20,-1,19
Customer,100431746,1/8/2019,15:52:19,15:55:24,16:19:19,end,CP#0QWS9,12,05 Arts,05 Arts,FeMale,20,University student (CU),Facebook,1/7/2019,13/01/2019,1,36,-1,35
Customer,100431747,1/8/2019,15:52:29,15:52:55,15:57:37,end,CP#0RY22,11,02 Economics,20 Veterinary Science,FeMale,19,University student (CU),Suggested by friend,1/7/2019,13/01/2019,1,20,-2,18
Customer,100431750,1/8/2019,15:53:19,15:54:28,16:06:20,end,CP#0TDR6,14,04 Engineering,21 Wittayakit Building,Male,20,University student (CU),Others(just walk through),1/7/2019,13/01/2019,1,20,-20,0
Customer,100431759,1/8/2019,16:01:36,16:03:41,16:16:19,end,CP#0S066,10,02 Economics,22 Siam Square Soi 8,Male,22,University student (CU),Facebook,1/7/2019,13/01/2019,1,20,0,20
Customer,100431763,1/8/2019,16:02:46,16:07:46,16:15:43,end,CP#0RZ30,17,12 CU Terrace,20 Veterinary Science,Male,22,University student (CU),Website,1/7/2019,13/01/2019,1,20,0,20
Customer,100431769,1/8/2019,16:09:59,16:10:24,16:18:15,end,CP#0PK06,14,21 Wittayakit Building,14 I’m Park ,Male,47,Others,Suggested by friend,1/7/2019,13/01/2019,1,20,0,20
Customer,100431771,1/8/2019,16:11:12,16:12:24,16:21:04,end,CP#0Q8D6,16,05 Arts,01 Exit to Cham square,FeMale,23,University student (CU),Others(เดินผ่าน),1/7/2019,13/01/2019,1,20,-3,17
Customer,100431772,1/8/2019,16:11:39,16:12:28,16:21:47,end,CP#0TD44,15,06 Chamchuri 9,03 Sala Prakeaw,Male,18,University student (CU),Website,1/7/2019,13/01/2019,1,20,-20,0
Customer,100431783,1/8/2019,16:23:05,16:25:57,16:44:34,end,CP#0QKK0,1,01 Exit to Cham square,21 Wittayakit Building,FeMale,19,University student (CU),Others(ป้าย),1/7/2019,13/01/2019,1,24,-1,23
Customer,100431784,1/8/2019,16:24:22,16:30:27,16:34:40,end,CP#0TP91,25,08 Witthaya Nives,13 Suan Luang square,,,,,1/7/2019,13/01/2019,1,20,0,20
Customer,100431787,1/8/2019,16:26:18,16:56:57,17:22:41,end,CP#0TNM2,24,01 Exit to Cham square,01 Exit to Cham square,,,,,1/7/2019,13/01/2019,1,38,-38,0
Customer,100431797,1/8/2019,16:34:23,16:39:22,16:44:44,end,CP#0PM90,4,11 BTS-National stadium ,12 CU Terrace,FeMale,53,Others,Suggested by friend,1/7/2019,13/01/2019,1,20,0,20
Customer,100431800,1/8/2019,16:35:57,16:36:37,17:01:48,end,CP#0RZ80,19,04 Engineering,15 U Center ,Male,19,University student (CU),Suggested by friend,1/7/2019,13/01/2019,1,38,0,38
Customer,100431812,1/8/2019,16:48:07,16:50:01,16:57:59,end,CP#0SG46,11,20 Veterinary Science,01 Exit to Cham square,FeMale,49,Lecturer (CU),Others(Walked pass the cars),1/7/2019,13/01/2019,1,20,0,20
Customer,100431815,1/8/2019,16:54:22,16:55:56,17:08:23,end,CP#0SB34,4,12 CU Terrace,03 Sala Prakeaw,Male,43,Others,Others(Booth),1/7/2019,13/01/2019,1,20,0,20
Customer,100431817,1/8/2019,16:56:49,16:59:28,17:14:04,end,CP#0PRG6,16,02 Economics,12 CU Terrace,Male,69,Lecturer (CU),Website,1/7/2019,13/01/2019,1,20,0,20
Customer,100431824,1/8/2019,17:03:41,17:04:16,17:19:42,end,CP#0T024,15,03 Sala Prakeaw,14 I’m Park ,Male,28,Others,Suggested by friend,1/7/2019,13/01/2019,1,20,0,20
Customer,100431843,1/8/2019,17:23:24,17:29:44,17:33:55,end,CP#0TP91,25,13 Suan Luang square,08 Witthaya Nives,,,,,1/7/2019,13/01/2019,1,20,0,20
Customer,100431845,1/8/2019,17:27:50,17:32:58,17:42:21,end,CP#0PYQ6,22,18 Art and Culture  ,22 Siam Square Soi 8,FeMale,24,Others,Facebook,1/7/2019,13/01/2019,1,20,0,20
Customer,100431863,1/8/2019,17:45:38,17:52:04,18:01:52,end,CP#0T533,12,05 Arts,20 Veterinary Science,FeMale,23,University student (CU),Others(งานออก booth),1/7/2019,13/01/2019,1,20,-20,0
Customer,100431869,1/8/2019,17:52:25,17:54:17,18:02:22,end,CP#0Q1G0,6,21 Wittayakit Building,13 Suan Luang square,Male,51,Lecturer (from other universities),Suggested by friend,1/7/2019,13/01/2019,1,20,-1,19
Customer,100431872,1/8/2019,18:00:41,18:07:08,18:18:57,end,CP#0SCL5,5,04 Engineering,10 Chulapat 14,Male,21,University student (CU),Facebook,1/7/2019,13/01/2019,1,20,0,20
Customer,100431878,1/8/2019,18:07:10,18:07:50,18:17:20,end,CP#0RF44,7,14 I’m Park ,01 Exit to Cham square,FeMale,29,Others,Suggested by friend,1/7/2019,13/01/2019,1,20,0,20
Customer,100431883,1/8/2019,18:09:29,18:11:08,18:22:00,end,CP#0PX36,14,11 BTS-National stadium ,07 Chamchuri 5,Male,44,Others,Website,1/7/2019,13/01/2019,1,20,0,20
Customer,100431884,1/8/2019,18:12:36,18:20:30,18:25:43,end,CP#0S214,15,06 Chamchuri 9,11 BTS-National stadium ,FeMale,23,University student (CU),Website,1/7/2019,13/01/2019,1,20,-1,19
Customer,100431892,1/8/2019,18:32:39,18:34:44,18:52:23,end,CP#0S6C8,7,01 Exit to Cham square,08 Witthaya Nives,Male,21,University student (CU),Website,1/7/2019,13/01/2019,1,24,-24,0
Customer,100432071,1/9/2019,07:02:36,07:33:27,07:37:24,end,CP#0QR54,13,12 CU Terrace,11 BTS-National stadium ,Male,54,Government officials,Website,1/7/2019,13/01/2019,1,20,0,20
Customer,100432079,1/9/2019,07:32:14,07:54:45,08:02:18,end,CP#0RPP9,16,12 CU Terrace,03 Sala Prakeaw,FeMale,22,University student (CU),Website,1/7/2019,13/01/2019,1,20,-20,0
Customer,100432084,1/9/2019,07:52:12,07:53:02,08:00:08,end,CP#0PWB2,18,09 Chamchuri 10,04 Engineering,Male,33,Lecturer (CU),Website,1/7/2019,13/01/2019,1,20,0,20
Customer,100432089,1/9/2019,07:58:29,08:13:24,08:18:16,end,CP#0R304,12,04 Engineering,20 Veterinary Science,Male,42,Lecturer (CU),Others(จาก TMT และ CU ),1/7/2019,13/01/2019,1,20,-1,19
Customer,100432093,1/9/2019,08:07:44,08:10:34,08:21:09,end,CP#0SWR2,11,01 Exit to Cham square,09 Chamchuri 10,Male,22,University student (CU),Facebook,1/7/2019,13/01/2019,1,20,0,20
Customer,100432098,1/9/2019,08:17:13,08:21:54,08:32:29,end,CP#0Q033,13,11 BTS-National stadium ,01 Exit to Cham square,Male,34,Government officials,Website,1/7/2019,13/01/2019,1,20,0,20
Customer,100432105,1/9/2019,08:30:29,08:31:30,08:51:55,end,CP#0S9Z5,26,08 Witthaya Nives,03 Sala Prakeaw,Male,29,University staff (CU),Others(Booth),1/7/2019,13/01/2019,1,28,0,28
Customer,100432116,1/9/2019,08:57:55,08:58:19,09:17:36,end,CP#0SYX0,15,11 BTS-National stadium ,16 Communication Arts,FeMale,36,Lecturer (CU),Others(Booths),1/7/2019,13/01/2019,1,26,0,26
Customer,100432117,1/9/2019,08:58:36,08:59:36,09:07:09,end,CP#0TG32,4,12 CU Terrace,02 Economics,Male,19,University student (CU),Suggested by friend,1/7/2019,13/01/2019,1,20,0,20
Customer,100432120,1/9/2019,09:00:38,09:01:16,09:08:41,end,CP#0PV83,3,14 I’m Park ,05 Arts,Male,46,Lecturer (CU),Suggested by friend,1/7/2019,13/01/2019,1,20,0,20
Customer,100432131,1/9/2019,09:15:33,09:16:00,09:21:48,end,CP#0R1Y7,7,12 CU Terrace,05 Arts,Male,20,University student (CU),Suggested by friend,1/7/2019,13/01/2019,1,20,0,20
Customer,100432132,1/9/2019,09:16:22,09:20:43,09:37:28,end,CP#0TP91,11,09 Chamchuri 10,04 Engineering,,,,,1/7/2019,13/01/2019,1,22,-22,0
Customer,100432143,1/9/2019,09:41:00,09:41:31,09:50:08,end,CP#0RST8,26,03 Sala Prakeaw,06 Chamchuri 9,FeMale,37,University staff (CU),Suggested by friend,1/7/2019,13/01/2019,1,20,0,20
Customer,100432146,1/9/2019,09:50:38,09:54:35,10:03:36,end,CP#0SG46,13,01 Exit to Cham square,22 Siam Square Soi 8,FeMale,49,Lecturer (CU),Others(Walked pass the cars),1/7/2019,13/01/2019,1,20,-2,18
Customer,100432152,1/9/2019,09:58:52,10:00:08,10:05:40,end,CP#0SCL5,18,04 Engineering,06 Chamchuri 9,Male,21,University student (CU),Facebook,1/7/2019,13/01/2019,1,20,0,20
Customer,100432155,1/9/2019,10:07:53,10:10:40,10:23:29,end,CP#0SJD8,8,07 Chamchuri 5,07 Chamchuri 5,Male,22,University student (CU),Website,1/7/2019,13/01/2019,1,20,0,20
Customer,100432158,1/9/2019,10:17:57,10:20:21,10:26:45,end,CP#0PG28,11,04 Engineering,09 Chamchuri 10,Male,44,Lecturer (CU),Others(Booth),1/7/2019,13/01/2019,1,20,-20,0
Customer,100432160,1/9/2019,10:20:57,10:21:33,10:31:56,end,CP#0RST8,18,06 Chamchuri 9,03 Sala Prakeaw,FeMale,37,University staff (CU),Suggested by friend,1/7/2019,13/01/2019,1,20,0,20
Customer,100432164,1/9/2019,10:27:51,10:30:12,10:43:35,end,CP#0Q8D6,3,05 Arts,01 Exit to Cham square,FeMale,23,University student (CU),Others(เดินผ่าน),1/7/2019,13/01/2019,1,20,-1,19
Customer,100432166,1/9/2019,10:30:09,10:30:38,10:36:32,end,CP#0Q972,9,21 Wittayakit Building,02 Economics,FeMale,23,University student (CU),Suggested by friend,1/7/2019,13/01/2019,1,20,0,20
Customer,100432172,1/9/2019,10:37:35,10:39:27,10:49:33,end,CP#0PRG6,6,12 CU Terrace,02 Economics,Male,69,Lecturer (CU),Website,1/7/2019,13/01/2019,1,20,0,20
Customer,100432177,1/9/2019,10:51:18,10:53:50,11:02:02,end,CP#0PVX7,2,09 Chamchuri 10,03 Sala Prakeaw,FeMale,28,University student (CU),Others(จุฬา),1/7/2019,13/01/2019,1,20,0,20
Customer,100432178,1/9/2019,10:53:30,10:54:05,11:08:10,end,CP#0TMT0,19,15 U Center ,05 Arts,,,,,1/7/2019,13/01/2019,1,20,0,20
Customer,100432181,1/9/2019,11:04:08,11:13:28,11:24:44,end,CP#0TPZ8,7,01 Exit to Cham square,01 Exit to Cham square,,,,,1/7/2019,13/01/2019,1,20,0,20
Customer,100432182,1/9/2019,11:04:12,11:04:42,11:24:27,end,CP#0TQ02,3,01 Exit to Cham square,01 Exit to Cham square,,,,,1/7/2019,13/01/2019,1,28,0,28
Customer,100432190,1/9/2019,11:20:40,11:29:38,11:37:35,end,CP#0PKC0,13,22 Siam Square Soi 8,01 Exit to Cham square,Male,22,University student (CU),Suggested by friend,1/7/2019,13/01/2019,1,20,0,20
Customer,100432191,1/9/2019,11:23:24,11:25:41,11:31:03,end,CP#0SHY6,2,04 Engineering,21 Wittayakit Building,Male,22,University student (CU),Suggested by friend,1/7/2019,13/01/2019,1,20,0,20
Customer,100432196,1/9/2019,11:26:58,11:29:57,11:36:58,end,CP#0SCL5,11,06 Chamchuri 9,04 Engineering,Male,21,University student (CU),Facebook,1/7/2019,13/01/2019,1,20,0,20
Customer,100432199,1/9/2019,11:33:27,11:34:29,11:39:30,end,CP#0TP91,22,04 Engineering,06 Chamchuri 9,,,,,1/7/2019,13/01/2019,1,20,-20,0
Customer,100432200,1/9/2019,11:34:06,11:38:11,11:48:58,end,CP#0TJ49,5,03 Sala Prakeaw,22 Siam Square Soi 8,Male,19,University student (CU),Suggested by friend,1/7/2019,13/01/2019,1,20,-20,0
Customer,100432203,1/9/2019,11:40:16,11:44:24,11:50:13,end,CP#0TJC4,11,04 Engineering,22 Siam Square Soi 8,FeMale,20,University student (CU),Suggested by friend,1/7/2019,13/01/2019,1,20,0,20
Customer,100432205,1/9/2019,11:42:11,11:44:57,11:56:13,end,CP#0PC88,22,06 Chamchuri 9,21 Wittayakit Building,Male,23,University student (CU),Facebook,1/7/2019,13/01/2019,1,20,-4,16
Customer,100432210,1/9/2019,12:07:28,12:07:55,12:19:13,end,CP#0TP91,8,07 Chamchuri 5,22 Siam Square Soi 8,,,,,1/7/2019,13/01/2019,1,20,-20,0
Customer,100432216,1/9/2019,12:26:33,12:28:10,13:27:58,end,CP#0TP91,5,22 Siam Square Soi 8,04 Engineering,,,,,1/7/2019,13/01/2019,1,106,0,106
Customer,100432223,1/9/2019,12:39:22,12:41:27,12:58:05,end,CP#0QJQ4,7,09 Chamchuri 10,03 Sala Prakeaw,Male,20,University student (CU),Others(เห็นรถ),1/7/2019,13/01/2019,1,22,0,22
Customer,100432225,1/9/2019,12:46:39,12:47:21,12:53:48,end,CP#0SHY6,6,21 Wittayakit Building,02 Economics,Male,22,University student (CU),Suggested by friend,1/7/2019,13/01/2019,1,20,0,20
Customer,100432229,1/9/2019,12:51:09,12:52:27,13:01:37,end,CP#0T7D2,10,18 Art and Culture  ,12 CU Terrace,FeMale,22,University student (CU),Others(เห็นตัวรถและสถานี ในมหาวิทยาลัย),1/7/2019,13/01/2019,1,20,0,20
Customer,100432230,1/9/2019,12:51:17,12:55:31,13:02:06,end,CP#0TDJ7,8,22 Siam Square Soi 8,01 Exit to Cham square,Male,20,University student (CU),Facebook,1/7/2019,13/01/2019,1,20,0,20
Customer,100432243,1/9/2019,13:31:59,13:33:47,13:54:35,end,CP#0TQ52,2,03 Sala Prakeaw,08 Witthaya Nives,,,,,1/7/2019,13/01/2019,1,30,0,30
Customer,100432244,1/9/2019,13:32:30,13:35:34,13:48:53,end,CP#0TG32,7,03 Sala Prakeaw,12 CU Terrace,Male,19,University student (CU),Suggested by friend,1/7/2019,13/01/2019,1,20,0,20
Customer,100432246,1/9/2019,13:34:21,13:35:32,13:48:24,end,CP#0T902,23,11 BTS-National stadium ,06 Chamchuri 9,FeMale,19,University student (CU),Suggested by friend,1/7/2019,13/01/2019,1,20,-6,14
Customer,100432251,1/9/2019,13:45:45,13:48:56,13:59:01,end,CP#0T0P4,18,09 Chamchuri 10,04 Engineering,Male,20,University student (CU),Others(Booth),1/7/2019,13/01/2019,1,20,-20,0
Customer,100432252,1/9/2019,13:47:36,13:59:42,14:05:49,end,CP#0RTD0,21,08 Witthaya Nives,19 Pharmaceutical Science  ,FeMale,35,Lecturer (CU),Website,1/7/2019,13/01/2019,1,20,0,20
Customer,100432254,1/9/2019,13:56:32,13:59:43,14:17:53,end,CP#0SMP2,25,11 BTS-National stadium ,03 Sala Prakeaw,Male,20,University student (CU),Facebook,1/7/2019,13/01/2019,1,24,-24,0
Customer,100432260,1/9/2019,14:02:57,14:04:43,14:11:23,end,CP#0T9K2,10,12 CU Terrace,22 Siam Square Soi 8,Male,37,Others,Others(อยู่หน้าคอนโดCuterrace),1/7/2019,13/01/2019,1,20,0,20
Customer,100432263,1/9/2019,14:13:39,14:15:26,14:24:05,end,CP#0T449,1,02 Economics,11 BTS-National stadium ,Male,18,University student (CU),Suggested by friend,1/7/2019,13/01/2019,1,20,0,20
Customer,100432266,1/9/2019,14:21:48,14:25:40,14:40:43,end,CP#0TD18,5,04 Engineering,04 Engineering,FeMale,20,University student (CU),Suggested by friend,1/7/2019,13/01/2019,1,20,-2,18
Customer,100432271,1/9/2019,14:23:40,14:25:08,14:38:29,end,CP#0TPZ8,16,02 Economics,22 Siam Square Soi 8,,,,,1/7/2019,13/01/2019,1,20,0,20
Customer,100432277,1/9/2019,14:32:52,14:34:49,14:40:46,end,CP#0T9K2,17,22 Siam Square Soi 8,12 CU Terrace,Male,37,Others,Others(อยู่หน้าคอนโดCuterrace),1/7/2019,13/01/2019,1,20,0,20
Customer,100432281,1/9/2019,14:41:33,14:41:58,14:50:26,end,CP#0TD18,5,04 Engineering,21 Wittayakit Building,FeMale,20,University student (CU),Suggested by friend,1/7/2019,13/01/2019,1,20,0,20
Customer,100432282,1/9/2019,14:46:23,14:46:47,15:14:00,end,CP#0QLQ8,14,07 Chamchuri 5,22 Siam Square Soi 8,Male,27,University student (CU),Website,1/7/2019,13/01/2019,1,44,0,44
Customer,100432295,1/9/2019,15:08:09,15:14:13,15:23:38,end,CP#0T2J9,13,18 Art and Culture  ,21 Wittayakit Building,FeMale,26,Others,Others(Booth),1/7/2019,13/01/2019,1,20,-20,0
Customer,100432311,1/9/2019,15:34:25,15:35:00,15:47:58,end,CP#0S9X2,25,03 Sala Prakeaw,22 Siam Square Soi 8,Male,20,University student (CU),Suggested by friend,1/7/2019,13/01/2019,1,20,0,20
Customer,100432313,1/9/2019,15:36:22,15:38:05,15:45:04,end,CP#0S3R8,6,02 Economics,06 Chamchuri 9,FeMale,20,University student (CU),Others(Booth),1/7/2019,13/01/2019,1,20,0,20
Customer,100432314,1/9/2019,15:37:23,15:38:53,15:58:24,end,CP#0TP91,11,04 Engineering,08 Witthaya Nives,,,,,1/7/2019,13/01/2019,1,28,0,28
Customer,100432315,1/9/2019,15:38:13,15:38:56,15:48:22,end,CP#0T7V4,20,07 Chamchuri 5,01 Exit to Cham square,FeMale,44,Lecturer (CU),Website,1/7/2019,13/01/2019,1,20,0,20
Customer,100432324,1/9/2019,15:54:36,15:56:29,16:03:05,end,CP#0RK90,10,04 Engineering,07 Chamchuri 5,FeMale,41,Others,Suggested by friend,1/7/2019,13/01/2019,1,20,0,20
Customer,100432331,1/9/2019,16:03:50,16:04:41,16:09:23,end,CP#0S642,20,02 Economics,20 Veterinary Science,FeMale,18,University student (CU),Facebook,1/7/2019,13/01/2019,1,20,-1,19
Customer,100432341,1/9/2019,16:12:16,16:14:10,16:18:37,end,CP#0S6P2,4,21 Wittayakit Building,08 Witthaya Nives,Male,31,Others,Others(Booth),1/7/2019,13/01/2019,1,20,0,20
Customer,100432343,1/9/2019,16:16:31,16:19:04,16:33:44,end,CP#0T0N3,24,02 Economics,19 Pharmaceutical Science  ,Male,18,University student (CU),Others(Booth),1/7/2019,13/01/2019,1,20,-20,0
Customer,100432344,1/9/2019,16:18:04,16:21:02,16:32:44,end,CP#0TBH2,9,02 Economics,21 Wittayakit Building,FeMale,21,University student (CU),Others(งานออก booth),1/7/2019,13/01/2019,1,20,-20,0
Customer,100432352,1/9/2019,16:24:59,16:27:23,16:40:46,end,CP#0SRD0,2,16 Communication Arts,21 Wittayakit Building,FeMale,23,University student (CU),Facebook,1/7/2019,13/01/2019,1,20,-20,0
Customer,100432355,1/9/2019,16:26:24,16:27:37,16:36:15,end,CP#0PNH2,13,02 Economics,11 BTS-National stadium ,Male,22,University student (CU),Others(booth ประชาสัมพันธ์),1/7/2019,13/01/2019,1,20,0,20
Customer,100432358,1/9/2019,16:29:17,16:34:17,16:42:52,end,CP#0SG46,5,20 Veterinary Science,01 Exit to Cham square,FeMale,49,Lecturer (CU),Others(Walked pass the cars),1/7/2019,13/01/2019,1,20,0,20
Customer,100432370,1/9/2019,16:49:53,16:50:28,17:01:32,end,CP#0PM90,5,01 Exit to Cham square,12 CU Terrace,FeMale,53,Others,Suggested by friend,1/7/2019,13/01/2019,1,20,0,20
Customer,100432373,1/9/2019,16:52:19,16:57:01,17:01:50,end,CP#0TP91,4,08 Witthaya Nives,13 Suan Luang square,,,,,1/7/2019,13/01/2019,1,20,0,20
Customer,100432377,1/9/2019,17:00:21,17:01:36,17:12:46,end,CP#0SLM0,21,11 BTS-National stadium ,14 I’m Park ,FeMale,22,Others,Others(Booth),1/7/2019,13/01/2019,1,20,-1,19
Customer,100432386,1/9/2019,17:06:58,17:08:57,17:17:44,end,CP#0PT97,25,04 Engineering,12 CU Terrace,Male,19,University student (CU),Suggested by friend,1/7/2019,13/01/2019,1,20,0,20
Customer,100432394,1/9/2019,17:16:38,17:19:28,17:34:39,end,CP#0RTH1,18,03 Sala Prakeaw,11 BTS-National stadium ,FeMale,32,University student (CU),Suggested by friend,1/7/2019,13/01/2019,1,20,0,20
Customer,100432408,1/9/2019,17:38:03,17:45:29,17:51:53,end,CP#0PYQ6,14,18 Art and Culture  ,22 Siam Square Soi 8,FeMale,24,Others,Facebook,1/7/2019,13/01/2019,1,20,0,20
Customer,100432410,1/9/2019,17:41:17,17:43:25,17:51:15,end,CP#0PL00,9,01 Exit to Cham square,07 Chamchuri 5,FeMale,32,Others,Website,1/7/2019,13/01/2019,1,20,-1,19
Customer,100432412,1/9/2019,17:44:08,17:46:37,18:07:28,end,CP#0TJC4,2,21 Wittayakit Building,13 Suan Luang square,FeMale,20,University student (CU),Suggested by friend,1/7/2019,13/01/2019,1,30,0,30
Customer,100432415,1/9/2019,17:47:48,17:48:41,17:55:22,end,CP#0PD12,12,02 Economics,06 Chamchuri 9,Male,20,University student (CU),Suggested by friend,1/7/2019,13/01/2019,1,20,0,20
Customer,100432419,1/9/2019,17:56:41,18:11:17,18:20:05,end,CP#0Q033,8,02 Economics,11 BTS-National stadium ,Male,34,Government officials,Website,1/7/2019,13/01/2019,1,20,0,20
Customer,100432431,1/9/2019,18:21:20,18:22:10,18:27:33,end,CP#0PCD2,17,08 Witthaya Nives,03 Sala Prakeaw,Male,21,University student (CU),Website,1/7/2019,13/01/2019,1,20,-1,19
Customer,100432433,1/9/2019,18:22:04,18:22:27,18:30:07,end,CP#0Q972,4,01 Exit to Cham square,21 Wittayakit Building,FeMale,23,University student (CU),Suggested by friend,1/7/2019,13/01/2019,1,20,0,20
Customer,100432435,1/9/2019,18:27:04,18:31:31,18:41:28,end,CP#0SNJ2,26,02 Economics,09 Chamchuri 10,Male,20,University student (CU),Facebook,1/7/2019,13/01/2019,1,20,0,20